{"cameraMode":{"drawMode":0,"name":"Shaded","section":"Shading Mode"},"sceneLighting":true,"audioPlay":false,"sceneViewState":{"showFog":true,"showMaterialUpdate":false,"showSkybox":true,"showFlares":true,"showImageEffects":true,"showParticleSystems":true},"in2DMode":false,"pivot":{"x":708.427978515625,"y":409.33282470703127,"z":-314.3375549316406},"rotation":{"x":0.06318552047014237,"y":0.0508689247071743,"z":-0.0032248487696051599,"w":0.996699333190918},"size":1261.5313720703125,"orthographic":false}