{"cameraMode":{"drawMode":0,"name":"Shaded","section":"Shading Mode"},"sceneLighting":true,"audioPlay":false,"sceneViewState":{"showFog":true,"showMaterialUpdate":false,"showSkybox":true,"showFlares":true,"showImageEffects":true,"showParticleSystems":true},"in2DMode":false,"pivot":{"x":878.5060424804688,"y":587.4923095703125,"z":-46.1195068359375},"rotation":{"x":0.32119306921958926,"y":0.041170813143253329,"z":-0.013978416100144387,"w":0.9460151195526123},"size":1526.92236328125,"orthographic":false}