{"cameraMode":{"drawMode":0,"name":"Shaded","section":"Shading Mode"},"sceneLighting":true,"audioPlay":false,"sceneViewState":{"showFog":true,"showMaterialUpdate":false,"showSkybox":true,"showFlares":true,"showImageEffects":true,"showParticleSystems":true},"in2DMode":false,"pivot":{"x":-10.057289123535157,"y":83.15463256835938,"z":-140.5040283203125},"rotation":{"x":0.14365433156490327,"y":0.04599296301603317,"z":-0.006683720275759697,"w":0.9885360598564148},"size":1618.2235107421875,"orthographic":false}