{"cameraMode":{"drawMode":0,"name":"Shaded","section":"Shading Mode"},"sceneLighting":true,"audioPlay":false,"sceneViewState":{"showFog":true,"showMaterialUpdate":false,"showSkybox":true,"showFlares":true,"showImageEffects":true,"showParticleSystems":true},"in2DMode":false,"pivot":{"x":443.17340087890627,"y":400.58477783203127,"z":-288.31103515625},"rotation":{"x":0.06318552047014237,"y":0.0508689247071743,"z":-0.0032248487696051599,"w":0.996699333190918},"size":603.8818359375,"orthographic":false}